Filename,Predictions
AFRICAN FIREFINCH\1.jpg,AFRICAN FIREFINCH
AFRICAN FIREFINCH\2.jpg,AFRICAN FIREFINCH
AFRICAN FIREFINCH\3.jpg,AFRICAN FIREFINCH
AFRICAN FIREFINCH\4.jpg,AFRICAN FIREFINCH
AFRICAN FIREFINCH\5.jpg,AFRICAN FIREFINCH
ALBATROSS\1.jpg,ALBATROSS
ALBATROSS\2.jpg,ALBATROSS
ALBATROSS\3.jpg,ALBATROSS
ALBATROSS\4.jpg,ALBATROSS
ALBATROSS\5.jpg,ALBATROSS
ALEXANDRINE PARAKEET\1.jpg,ALEXANDRINE PARAKEET
ALEXANDRINE PARAKEET\2.jpg,ALEXANDRINE PARAKEET
ALEXANDRINE PARAKEET\3.jpg,ALEXANDRINE PARAKEET
ALEXANDRINE PARAKEET\4.jpg,ALEXANDRINE PARAKEET
ALEXANDRINE PARAKEET\5.jpg,ALEXANDRINE PARAKEET
AMERICAN AVOCET\1.jpg,AMERICAN AVOCET
AMERICAN AVOCET\2.jpg,AMERICAN AVOCET
AMERICAN AVOCET\3.jpg,AMERICAN AVOCET
AMERICAN AVOCET\4.jpg,AMERICAN AVOCET
AMERICAN AVOCET\5.jpg,AMERICAN AVOCET
AMERICAN BITTERN\1.jpg,AMERICAN BITTERN
AMERICAN BITTERN\2.jpg,AMERICAN BITTERN
AMERICAN BITTERN\3.jpg,AMERICAN BITTERN
AMERICAN BITTERN\4.jpg,AMERICAN BITTERN
AMERICAN BITTERN\5.jpg,AMERICAN BITTERN
AMERICAN COOT\1.jpg,AMERICAN COOT
AMERICAN COOT\2.jpg,AMERICAN COOT
AMERICAN COOT\3.jpg,AMERICAN COOT
AMERICAN COOT\4.jpg,AMERICAN COOT
AMERICAN COOT\5.jpg,AMERICAN COOT
AMERICAN GOLDFINCH\1.jpg,AMERICAN GOLDFINCH
AMERICAN GOLDFINCH\2.jpg,AMERICAN GOLDFINCH
AMERICAN GOLDFINCH\3.jpg,AMERICAN GOLDFINCH
AMERICAN GOLDFINCH\4.jpg,AMERICAN GOLDFINCH
AMERICAN GOLDFINCH\5.jpg,AMERICAN GOLDFINCH
AMERICAN KESTREL\1.jpg,AMERICAN KESTREL
AMERICAN KESTREL\2.jpg,AMERICAN KESTREL
AMERICAN KESTREL\3.jpg,AMERICAN KESTREL
AMERICAN KESTREL\4.jpg,AMERICAN KESTREL
AMERICAN KESTREL\5.jpg,AMERICAN KESTREL
AMERICAN PIPIT\1.jpg,AMERICAN PIPIT
AMERICAN PIPIT\2.jpg,AMERICAN PIPIT
AMERICAN PIPIT\3.jpg,AMERICAN PIPIT
AMERICAN PIPIT\4.jpg,AMERICAN PIPIT
AMERICAN PIPIT\5.jpg,AMERICAN PIPIT
AMERICAN REDSTART\1.jpg,AMERICAN REDSTART
AMERICAN REDSTART\2.jpg,AMERICAN REDSTART
AMERICAN REDSTART\3.jpg,AMERICAN REDSTART
AMERICAN REDSTART\4.jpg,CAPE MAY WARBLER
AMERICAN REDSTART\5.jpg,AMERICAN REDSTART
ANHINGA\1.jpg,ANHINGA
ANHINGA\2.jpg,ANHINGA
ANHINGA\3.jpg,ANHINGA
ANHINGA\4.jpg,ANHINGA
ANHINGA\5.jpg,ANHINGA
ANNAS HUMMINGBIRD\1.jpg,ANNAS HUMMINGBIRD
ANNAS HUMMINGBIRD\2.jpg,ANNAS HUMMINGBIRD
ANNAS HUMMINGBIRD\3.jpg,ANNAS HUMMINGBIRD
ANNAS HUMMINGBIRD\4.jpg,ANNAS HUMMINGBIRD
ANNAS HUMMINGBIRD\5.jpg,ANNAS HUMMINGBIRD
ANTBIRD\1.jpg,ANTBIRD
ANTBIRD\2.jpg,ANTBIRD
ANTBIRD\3.jpg,ANTBIRD
ANTBIRD\4.jpg,BROWN THRASHER
ANTBIRD\5.jpg,ANTBIRD
ARARIPE MANAKIN\1.jpg,ARARIPE MANAKIN
ARARIPE MANAKIN\2.jpg,ARARIPE MANAKIN
ARARIPE MANAKIN\3.jpg,ARARIPE MANAKIN
ARARIPE MANAKIN\4.jpg,ARARIPE MANAKIN
ARARIPE MANAKIN\5.jpg,ARARIPE MANAKIN
ASIAN CRESTED IBIS\1.jpg,ASIAN CRESTED IBIS
ASIAN CRESTED IBIS\2.jpg,ASIAN CRESTED IBIS
ASIAN CRESTED IBIS\3.jpg,ASIAN CRESTED IBIS
ASIAN CRESTED IBIS\4.jpg,ASIAN CRESTED IBIS
ASIAN CRESTED IBIS\5.jpg,ASIAN CRESTED IBIS
BALD EAGLE\1.jpg,BALD EAGLE
BALD EAGLE\2.jpg,BALD EAGLE
BALD EAGLE\3.jpg,BALD EAGLE
BALD EAGLE\4.jpg,BALD EAGLE
BALD EAGLE\5.jpg,BALD EAGLE
BALI STARLING\1.jpg,BALI STARLING
BALI STARLING\2.jpg,BALI STARLING
BALI STARLING\3.jpg,BALI STARLING
BALI STARLING\4.jpg,BALI STARLING
BALI STARLING\5.jpg,BALI STARLING
BALTIMORE ORIOLE\1.jpg,BALTIMORE ORIOLE
BALTIMORE ORIOLE\2.jpg,VENEZUELIAN TROUPIAL
BALTIMORE ORIOLE\3.jpg,BALTIMORE ORIOLE
BALTIMORE ORIOLE\4.jpg,BALTIMORE ORIOLE
BALTIMORE ORIOLE\5.jpg,BALTIMORE ORIOLE
BANANAQUIT\1.jpg,BANANAQUIT
BANANAQUIT\2.jpg,BANANAQUIT
BANANAQUIT\3.jpg,BANANAQUIT
BANANAQUIT\4.jpg,BANANAQUIT
BANANAQUIT\5.jpg,BANANAQUIT
BAR-TAILED GODWIT\1.jpg,BAR-TAILED GODWIT
BAR-TAILED GODWIT\2.jpg,BAR-TAILED GODWIT
BAR-TAILED GODWIT\3.jpg,BAR-TAILED GODWIT
BAR-TAILED GODWIT\4.jpg,BAR-TAILED GODWIT
BAR-TAILED GODWIT\5.jpg,BAR-TAILED GODWIT
BARN OWL\1.jpg,BARN OWL
BARN OWL\2.jpg,BARN OWL
BARN OWL\3.jpg,BARN OWL
BARN OWL\4.jpg,BARN OWL
BARN OWL\5.jpg,BARN OWL
BARN SWALLOW\1.jpg,BARN SWALLOW
BARN SWALLOW\2.jpg,BARN SWALLOW
BARN SWALLOW\3.jpg,BARN SWALLOW
BARN SWALLOW\4.jpg,BARN SWALLOW
BARN SWALLOW\5.jpg,BARN SWALLOW
BARRED PUFFBIRD\1.jpg,BARRED PUFFBIRD
BARRED PUFFBIRD\2.jpg,BARRED PUFFBIRD
BARRED PUFFBIRD\3.jpg,BARRED PUFFBIRD
BARRED PUFFBIRD\4.jpg,BARRED PUFFBIRD
BARRED PUFFBIRD\5.jpg,BARRED PUFFBIRD
BAY-BREASTED WARBLER\1.jpg,BAY-BREASTED WARBLER
BAY-BREASTED WARBLER\2.jpg,BAY-BREASTED WARBLER
BAY-BREASTED WARBLER\3.jpg,BAY-BREASTED WARBLER
BAY-BREASTED WARBLER\4.jpg,BAY-BREASTED WARBLER
BAY-BREASTED WARBLER\5.jpg,BAY-BREASTED WARBLER
BEARDED BARBET\1.jpg,BEARDED BARBET
BEARDED BARBET\2.jpg,BEARDED BARBET
BEARDED BARBET\3.jpg,BEARDED BARBET
BEARDED BARBET\4.jpg,BEARDED BARBET
BEARDED BARBET\5.jpg,BEARDED BARBET
BELTED KINGFISHER\1.jpg,BELTED KINGFISHER
BELTED KINGFISHER\2.jpg,BELTED KINGFISHER
BELTED KINGFISHER\3.jpg,BELTED KINGFISHER
BELTED KINGFISHER\4.jpg,BELTED KINGFISHER
BELTED KINGFISHER\5.jpg,BELTED KINGFISHER
BIRD OF PARADISE\1.jpg,BIRD OF PARADISE
BIRD OF PARADISE\2.jpg,BIRD OF PARADISE
BIRD OF PARADISE\3.jpg,BIRD OF PARADISE
BIRD OF PARADISE\4.jpg,BIRD OF PARADISE
BIRD OF PARADISE\5.jpg,BIRD OF PARADISE
BLACK FRANCOLIN\1.jpg,BLACK FRANCOLIN
BLACK FRANCOLIN\2.jpg,BLACK FRANCOLIN
BLACK FRANCOLIN\3.jpg,BLACK FRANCOLIN
BLACK FRANCOLIN\4.jpg,BLACK FRANCOLIN
BLACK FRANCOLIN\5.jpg,BLACK FRANCOLIN
BLACK SKIMMER\1.jpg,BLACK SKIMMER
BLACK SKIMMER\2.jpg,BLACK SKIMMER
BLACK SKIMMER\3.jpg,BLACK SKIMMER
BLACK SKIMMER\4.jpg,BLACK SKIMMER
BLACK SKIMMER\5.jpg,BLACK SKIMMER
BLACK SWAN\1.jpg,BLACK SWAN
BLACK SWAN\2.jpg,BLACK SWAN
BLACK SWAN\3.jpg,BLACK SWAN
BLACK SWAN\4.jpg,BLACK SWAN
BLACK SWAN\5.jpg,BLACK SWAN
BLACK THROATED WARBLER\1.jpg,BLACK THROATED WARBLER
BLACK THROATED WARBLER\2.jpg,BLACK THROATED WARBLER
BLACK THROATED WARBLER\3.jpg,BLACK THROATED WARBLER
BLACK THROATED WARBLER\4.jpg,BLACK THROATED WARBLER
BLACK THROATED WARBLER\5.jpg,BLACK THROATED WARBLER
BLACK VULTURE\1.jpg,BLACK VULTURE
BLACK VULTURE\2.jpg,BLACK VULTURE
BLACK VULTURE\3.jpg,BLACK VULTURE
BLACK VULTURE\4.jpg,BLACK VULTURE
BLACK VULTURE\5.jpg,BLACK VULTURE
BLACK-CAPPED CHICKADEE\1.jpg,BLACK-CAPPED CHICKADEE
BLACK-CAPPED CHICKADEE\2.jpg,BLACK-CAPPED CHICKADEE
BLACK-CAPPED CHICKADEE\3.jpg,BLACK-CAPPED CHICKADEE
BLACK-CAPPED CHICKADEE\4.jpg,BLACK-CAPPED CHICKADEE
BLACK-CAPPED CHICKADEE\5.jpg,BLACK-CAPPED CHICKADEE
BLACK-NECKED GREBE\1.jpg,BLACK-NECKED GREBE
BLACK-NECKED GREBE\2.jpg,BLACK-NECKED GREBE
BLACK-NECKED GREBE\3.jpg,BLACK-NECKED GREBE
BLACK-NECKED GREBE\4.jpg,BLACK-NECKED GREBE
BLACK-NECKED GREBE\5.jpg,BLACK-NECKED GREBE
BLACK-THROATED SPARROW\1.jpg,BLACK-THROATED SPARROW
BLACK-THROATED SPARROW\2.jpg,BLACK-THROATED SPARROW
BLACK-THROATED SPARROW\3.jpg,BLACK-THROATED SPARROW
BLACK-THROATED SPARROW\4.jpg,BLACK-THROATED SPARROW
BLACK-THROATED SPARROW\5.jpg,BLACK-THROATED SPARROW
BLACKBURNIAM WARBLER\1.jpg,BLACKBURNIAM WARBLER
BLACKBURNIAM WARBLER\2.jpg,BLACKBURNIAM WARBLER
BLACKBURNIAM WARBLER\3.jpg,BLACKBURNIAM WARBLER
BLACKBURNIAM WARBLER\4.jpg,BLACKBURNIAM WARBLER
BLACKBURNIAM WARBLER\5.jpg,NORTHERN PARULA
BLUE GROUSE\1.jpg,BLUE GROUSE
BLUE GROUSE\2.jpg,BLUE GROUSE
BLUE GROUSE\3.jpg,BLUE GROUSE
BLUE GROUSE\4.jpg,BLUE GROUSE
BLUE GROUSE\5.jpg,BLUE GROUSE
BLUE HERON\1.jpg,BLUE HERON
BLUE HERON\2.jpg,BLUE HERON
BLUE HERON\3.jpg,BLUE HERON
BLUE HERON\4.jpg,BLUE HERON
BLUE HERON\5.jpg,BLUE HERON
BOBOLINK\1.jpg,BOBOLINK
BOBOLINK\2.jpg,BOBOLINK
BOBOLINK\3.jpg,BOBOLINK
BOBOLINK\4.jpg,BOBOLINK
BOBOLINK\5.jpg,BOBOLINK
BROWN NOODY\1.jpg,BROWN NOODY
BROWN NOODY\2.jpg,BROWN NOODY
BROWN NOODY\3.jpg,BROWN NOODY
BROWN NOODY\4.jpg,BROWN NOODY
BROWN NOODY\5.jpg,BROWN NOODY
BROWN THRASHER\1.jpg,BROWN THRASHER
BROWN THRASHER\2.jpg,BROWN THRASHER
BROWN THRASHER\3.jpg,BROWN THRASHER
BROWN THRASHER\4.jpg,BROWN THRASHER
BROWN THRASHER\5.jpg,BROWN THRASHER
CACTUS WREN\1.jpg,CACTUS WREN
CACTUS WREN\2.jpg,CACTUS WREN
CACTUS WREN\3.jpg,CACTUS WREN
CACTUS WREN\4.jpg,CACTUS WREN
CACTUS WREN\5.jpg,CACTUS WREN
CALIFORNIA CONDOR\1.jpg,CALIFORNIA CONDOR
CALIFORNIA CONDOR\2.jpg,CALIFORNIA CONDOR
CALIFORNIA CONDOR\3.jpg,CALIFORNIA CONDOR
CALIFORNIA CONDOR\4.jpg,CALIFORNIA CONDOR
CALIFORNIA CONDOR\5.jpg,CALIFORNIA CONDOR
CALIFORNIA GULL\1.jpg,CALIFORNIA GULL
CALIFORNIA GULL\2.jpg,CALIFORNIA GULL
CALIFORNIA GULL\3.jpg,CALIFORNIA GULL
CALIFORNIA GULL\4.jpg,CALIFORNIA GULL
CALIFORNIA GULL\5.jpg,CALIFORNIA GULL
CALIFORNIA QUAIL\1.jpg,CALIFORNIA QUAIL
CALIFORNIA QUAIL\2.jpg,CALIFORNIA QUAIL
CALIFORNIA QUAIL\3.jpg,CALIFORNIA QUAIL
CALIFORNIA QUAIL\4.jpg,CALIFORNIA QUAIL
CALIFORNIA QUAIL\5.jpg,CALIFORNIA QUAIL
CANARY\1.jpg,CANARY
CANARY\2.jpg,CANARY
CANARY\3.jpg,CANARY
CANARY\4.jpg,CANARY
CANARY\5.jpg,CANARY
CAPE MAY WARBLER\1.jpg,CAPE MAY WARBLER
CAPE MAY WARBLER\2.jpg,CAPE MAY WARBLER
CAPE MAY WARBLER\3.jpg,CAPE MAY WARBLER
CAPE MAY WARBLER\4.jpg,CAPE MAY WARBLER
CAPE MAY WARBLER\5.jpg,CAPE MAY WARBLER
CAPUCHINBIRD\1.jpg,CAPUCHINBIRD
CAPUCHINBIRD\2.jpg,CAPUCHINBIRD
CAPUCHINBIRD\3.jpg,BLACK-CAPPED CHICKADEE
CAPUCHINBIRD\4.jpg,CAPUCHINBIRD
CAPUCHINBIRD\5.jpg,CAPUCHINBIRD
CARMINE BEE-EATER\1.jpg,CARMINE BEE-EATER
CARMINE BEE-EATER\2.jpg,CARMINE BEE-EATER
CARMINE BEE-EATER\3.jpg,CARMINE BEE-EATER
CARMINE BEE-EATER\4.jpg,CARMINE BEE-EATER
CARMINE BEE-EATER\5.jpg,CARMINE BEE-EATER
CASPIAN TERN\1.jpg,CASPIAN TERN
CASPIAN TERN\2.jpg,CASPIAN TERN
CASPIAN TERN\3.jpg,CASPIAN TERN
CASPIAN TERN\4.jpg,CASPIAN TERN
CASPIAN TERN\5.jpg,CASPIAN TERN
CASSOWARY\1.jpg,CASSOWARY
CASSOWARY\2.jpg,CASSOWARY
CASSOWARY\3.jpg,CASSOWARY
CASSOWARY\4.jpg,CASSOWARY
CASSOWARY\5.jpg,CASSOWARY
CHARA DE COLLAR\1.jpg,CHARA DE COLLAR
CHARA DE COLLAR\2.jpg,CHARA DE COLLAR
CHARA DE COLLAR\3.jpg,CHARA DE COLLAR
CHARA DE COLLAR\4.jpg,CHARA DE COLLAR
CHARA DE COLLAR\5.jpg,CHARA DE COLLAR
CHIPPING SPARROW\1.jpg,CHIPPING SPARROW
CHIPPING SPARROW\2.jpg,CHIPPING SPARROW
CHIPPING SPARROW\3.jpg,CHIPPING SPARROW
CHIPPING SPARROW\4.jpg,CHIPPING SPARROW
CHIPPING SPARROW\5.jpg,CHIPPING SPARROW
CHUKAR PARTRIDGE\1.jpg,CHUKAR PARTRIDGE
CHUKAR PARTRIDGE\2.jpg,CHUKAR PARTRIDGE
CHUKAR PARTRIDGE\3.jpg,CHUKAR PARTRIDGE
CHUKAR PARTRIDGE\4.jpg,CHUKAR PARTRIDGE
CHUKAR PARTRIDGE\5.jpg,CHUKAR PARTRIDGE
CINNAMON TEAL\1.jpg,CINNAMON TEAL
CINNAMON TEAL\2.jpg,CINNAMON TEAL
CINNAMON TEAL\3.jpg,CINNAMON TEAL
CINNAMON TEAL\4.jpg,CINNAMON TEAL
CINNAMON TEAL\5.jpg,CINNAMON TEAL
COCK OF THE  ROCK\1.jpg,COCK OF THE  ROCK
COCK OF THE  ROCK\2.jpg,COCK OF THE  ROCK
COCK OF THE  ROCK\3.jpg,COCK OF THE  ROCK
COCK OF THE  ROCK\4.jpg,COCK OF THE  ROCK
COCK OF THE  ROCK\5.jpg,COCK OF THE  ROCK
COCKATOO\1.jpg,COCKATOO
COCKATOO\2.jpg,COCKATOO
COCKATOO\3.jpg,COCKATOO
COCKATOO\4.jpg,COCKATOO
COCKATOO\5.jpg,COCKATOO
COMMON GRACKLE\1.jpg,COMMON GRACKLE
COMMON GRACKLE\2.jpg,COMMON GRACKLE
COMMON GRACKLE\3.jpg,COMMON GRACKLE
COMMON GRACKLE\4.jpg,COMMON GRACKLE
COMMON GRACKLE\5.jpg,COMMON GRACKLE
COMMON HOUSE MARTIN\1.jpg,COMMON HOUSE MARTIN
COMMON HOUSE MARTIN\2.jpg,COMMON HOUSE MARTIN
COMMON HOUSE MARTIN\3.jpg,COMMON HOUSE MARTIN
COMMON HOUSE MARTIN\4.jpg,COMMON HOUSE MARTIN
COMMON HOUSE MARTIN\5.jpg,COMMON HOUSE MARTIN
COMMON LOON\1.jpg,COMMON LOON
COMMON LOON\2.jpg,COMMON LOON
COMMON LOON\3.jpg,COMMON LOON
COMMON LOON\4.jpg,COMMON LOON
COMMON LOON\5.jpg,COMMON LOON
COMMON POORWILL\1.jpg,COMMON POORWILL
COMMON POORWILL\2.jpg,COMMON POORWILL
COMMON POORWILL\3.jpg,COMMON POORWILL
COMMON POORWILL\4.jpg,COMMON POORWILL
COMMON POORWILL\5.jpg,COMMON POORWILL
COMMON STARLING\1.jpg,COMMON STARLING
COMMON STARLING\2.jpg,COMMON STARLING
COMMON STARLING\3.jpg,COMMON STARLING
COMMON STARLING\4.jpg,COMMON STARLING
COMMON STARLING\5.jpg,COMMON STARLING
COUCHS KINGBIRD\1.jpg,COUCHS KINGBIRD
COUCHS KINGBIRD\2.jpg,COUCHS KINGBIRD
COUCHS KINGBIRD\3.jpg,COUCHS KINGBIRD
COUCHS KINGBIRD\4.jpg,COUCHS KINGBIRD
COUCHS KINGBIRD\5.jpg,COUCHS KINGBIRD
CRESTED AUKLET\1.jpg,CRESTED AUKLET
CRESTED AUKLET\2.jpg,CRESTED AUKLET
CRESTED AUKLET\3.jpg,CRESTED AUKLET
CRESTED AUKLET\4.jpg,CRESTED AUKLET
CRESTED AUKLET\5.jpg,CRESTED AUKLET
CRESTED CARACARA\1.jpg,CRESTED CARACARA
CRESTED CARACARA\2.jpg,CRESTED CARACARA
CRESTED CARACARA\3.jpg,CRESTED CARACARA
CRESTED CARACARA\4.jpg,CRESTED CARACARA
CRESTED CARACARA\5.jpg,CRESTED CARACARA
CROW\1.jpg,BLACK VULTURE
CROW\2.jpg,CROW
CROW\3.jpg,CROW
CROW\4.jpg,CROW
CROW\5.jpg,GLOSSY IBIS
CROWNED PIGEON\1.jpg,CROWNED PIGEON
CROWNED PIGEON\2.jpg,CROWNED PIGEON
CROWNED PIGEON\3.jpg,CROWNED PIGEON
CROWNED PIGEON\4.jpg,CROWNED PIGEON
CROWNED PIGEON\5.jpg,CROWNED PIGEON
CUBAN TODY\1.jpg,CUBAN TODY
CUBAN TODY\2.jpg,CUBAN TODY
CUBAN TODY\3.jpg,CUBAN TODY
CUBAN TODY\4.jpg,CUBAN TODY
CUBAN TODY\5.jpg,CUBAN TODY
CURL CRESTED ARACURI\1.jpg,CURL CRESTED ARACURI
CURL CRESTED ARACURI\2.jpg,CURL CRESTED ARACURI
CURL CRESTED ARACURI\3.jpg,CURL CRESTED ARACURI
CURL CRESTED ARACURI\4.jpg,CURL CRESTED ARACURI
CURL CRESTED ARACURI\5.jpg,CURL CRESTED ARACURI
D-ARNAUDS BARBET\1.jpg,D-ARNAUDS BARBET
D-ARNAUDS BARBET\2.jpg,D-ARNAUDS BARBET
D-ARNAUDS BARBET\3.jpg,D-ARNAUDS BARBET
D-ARNAUDS BARBET\4.jpg,D-ARNAUDS BARBET
D-ARNAUDS BARBET\5.jpg,D-ARNAUDS BARBET
DARK EYED JUNCO\1.jpg,DARK EYED JUNCO
DARK EYED JUNCO\2.jpg,DARK EYED JUNCO
DARK EYED JUNCO\3.jpg,DARK EYED JUNCO
DARK EYED JUNCO\4.jpg,DARK EYED JUNCO
DARK EYED JUNCO\5.jpg,DARK EYED JUNCO
DOWNY WOODPECKER\1.jpg,DOWNY WOODPECKER
DOWNY WOODPECKER\2.jpg,DOWNY WOODPECKER
DOWNY WOODPECKER\3.jpg,DOWNY WOODPECKER
DOWNY WOODPECKER\4.jpg,DOWNY WOODPECKER
DOWNY WOODPECKER\5.jpg,DOWNY WOODPECKER
EASTERN BLUEBIRD\1.jpg,EASTERN BLUEBIRD
EASTERN BLUEBIRD\2.jpg,EASTERN BLUEBIRD
EASTERN BLUEBIRD\3.jpg,EASTERN BLUEBIRD
EASTERN BLUEBIRD\4.jpg,EASTERN BLUEBIRD
EASTERN BLUEBIRD\5.jpg,EASTERN BLUEBIRD
EASTERN MEADOWLARK\1.jpg,EASTERN MEADOWLARK
EASTERN MEADOWLARK\2.jpg,EASTERN MEADOWLARK
EASTERN MEADOWLARK\3.jpg,EASTERN MEADOWLARK
EASTERN MEADOWLARK\4.jpg,EASTERN MEADOWLARK
EASTERN MEADOWLARK\5.jpg,EASTERN MEADOWLARK
EASTERN ROSELLA\1.jpg,EASTERN ROSELLA
EASTERN ROSELLA\2.jpg,EASTERN ROSELLA
EASTERN ROSELLA\3.jpg,EASTERN ROSELLA
EASTERN ROSELLA\4.jpg,EASTERN ROSELLA
EASTERN ROSELLA\5.jpg,EASTERN ROSELLA
EASTERN TOWEE\1.jpg,EASTERN TOWEE
EASTERN TOWEE\2.jpg,EASTERN TOWEE
EASTERN TOWEE\3.jpg,EASTERN TOWEE
EASTERN TOWEE\4.jpg,EASTERN TOWEE
EASTERN TOWEE\5.jpg,EASTERN TOWEE
ELEGANT TROGON\1.jpg,ROCK DOVE
ELEGANT TROGON\2.jpg,ELEGANT TROGON
ELEGANT TROGON\3.jpg,ELEGANT TROGON
ELEGANT TROGON\4.jpg,ELEGANT TROGON
ELEGANT TROGON\5.jpg,ELEGANT TROGON
ELLIOTS  PHEASANT\1.jpg,ELLIOTS  PHEASANT
ELLIOTS  PHEASANT\2.jpg,ELLIOTS  PHEASANT
ELLIOTS  PHEASANT\3.jpg,ELLIOTS  PHEASANT
ELLIOTS  PHEASANT\4.jpg,ELLIOTS  PHEASANT
ELLIOTS  PHEASANT\5.jpg,ELLIOTS  PHEASANT
EMPEROR PENGUIN\1.jpg,EMPEROR PENGUIN
EMPEROR PENGUIN\2.jpg,EMPEROR PENGUIN
EMPEROR PENGUIN\3.jpg,EMPEROR PENGUIN
EMPEROR PENGUIN\4.jpg,EMPEROR PENGUIN
EMPEROR PENGUIN\5.jpg,EMPEROR PENGUIN
EMU\1.jpg,EMU
EMU\2.jpg,EMU
EMU\3.jpg,KOOKABURRA
EMU\4.jpg,EMU
EMU\5.jpg,EMU
EURASIAN MAGPIE\1.jpg,EURASIAN MAGPIE
EURASIAN MAGPIE\2.jpg,EURASIAN MAGPIE
EURASIAN MAGPIE\3.jpg,EURASIAN MAGPIE
EURASIAN MAGPIE\4.jpg,EURASIAN MAGPIE
EURASIAN MAGPIE\5.jpg,EURASIAN MAGPIE
EVENING GROSBEAK\1.jpg,EVENING GROSBEAK
EVENING GROSBEAK\2.jpg,EVENING GROSBEAK
EVENING GROSBEAK\3.jpg,EVENING GROSBEAK
EVENING GROSBEAK\4.jpg,EVENING GROSBEAK
EVENING GROSBEAK\5.jpg,EVENING GROSBEAK
FLAME TANAGER\1.jpg,FLAME TANAGER
FLAME TANAGER\2.jpg,FLAME TANAGER
FLAME TANAGER\3.jpg,FLAME TANAGER
FLAME TANAGER\4.jpg,FLAME TANAGER
FLAME TANAGER\5.jpg,FLAME TANAGER
FLAMINGO\1.jpg,FLAMINGO
FLAMINGO\2.jpg,FLAMINGO
FLAMINGO\3.jpg,FLAMINGO
FLAMINGO\4.jpg,FLAMINGO
FLAMINGO\5.jpg,FLAMINGO
FRIGATE\1.jpg,FRIGATE
FRIGATE\2.jpg,FRIGATE
FRIGATE\3.jpg,FRIGATE
FRIGATE\4.jpg,FRIGATE
FRIGATE\5.jpg,FRIGATE
GAMBELS QUAIL\1.jpg,GAMBELS QUAIL
GAMBELS QUAIL\2.jpg,GAMBELS QUAIL
GAMBELS QUAIL\3.jpg,GAMBELS QUAIL
GAMBELS QUAIL\4.jpg,GAMBELS QUAIL
GAMBELS QUAIL\5.jpg,GAMBELS QUAIL
GILA WOODPECKER\1.jpg,GILA WOODPECKER
GILA WOODPECKER\2.jpg,GILA WOODPECKER
GILA WOODPECKER\3.jpg,GILA WOODPECKER
GILA WOODPECKER\4.jpg,GILA WOODPECKER
GILA WOODPECKER\5.jpg,GILA WOODPECKER
GILDED FLICKER\1.jpg,GILDED FLICKER
GILDED FLICKER\2.jpg,GILDED FLICKER
GILDED FLICKER\3.jpg,GILDED FLICKER
GILDED FLICKER\4.jpg,NORTHERN FLICKER
GILDED FLICKER\5.jpg,GILDED FLICKER
GLOSSY IBIS\1.jpg,GLOSSY IBIS
GLOSSY IBIS\2.jpg,GLOSSY IBIS
GLOSSY IBIS\3.jpg,GLOSSY IBIS
GLOSSY IBIS\4.jpg,GLOSSY IBIS
GLOSSY IBIS\5.jpg,GLOSSY IBIS
GOLD WING WARBLER\1.jpg,GOLD WING WARBLER
GOLD WING WARBLER\2.jpg,GOLD WING WARBLER
GOLD WING WARBLER\3.jpg,GOLD WING WARBLER
GOLD WING WARBLER\4.jpg,GOLD WING WARBLER
GOLD WING WARBLER\5.jpg,GOLD WING WARBLER
GOLDEN CHEEKED WARBLER\1.jpg,GOLDEN CHEEKED WARBLER
GOLDEN CHEEKED WARBLER\2.jpg,GOLDEN CHEEKED WARBLER
GOLDEN CHEEKED WARBLER\3.jpg,GOLDEN CHEEKED WARBLER
GOLDEN CHEEKED WARBLER\4.jpg,GOLDEN CHEEKED WARBLER
GOLDEN CHEEKED WARBLER\5.jpg,GOLDEN CHEEKED WARBLER
GOLDEN CHLOROPHONIA\1.jpg,GOLDEN CHLOROPHONIA
GOLDEN CHLOROPHONIA\2.jpg,GOLDEN CHLOROPHONIA
GOLDEN CHLOROPHONIA\3.jpg,GOLDEN CHLOROPHONIA
GOLDEN CHLOROPHONIA\4.jpg,GOLDEN CHLOROPHONIA
GOLDEN CHLOROPHONIA\5.jpg,GOLDEN CHLOROPHONIA
GOLDEN EAGLE\1.jpg,GOLDEN EAGLE
GOLDEN EAGLE\2.jpg,GOLDEN EAGLE
GOLDEN EAGLE\3.jpg,GOLDEN EAGLE
GOLDEN EAGLE\4.jpg,GOLDEN EAGLE
GOLDEN EAGLE\5.jpg,GOLDEN EAGLE
GOLDEN PHEASANT\1.jpg,GOLDEN PHEASANT
GOLDEN PHEASANT\2.jpg,GOLDEN PHEASANT
GOLDEN PHEASANT\3.jpg,GOLDEN PHEASANT
GOLDEN PHEASANT\4.jpg,GOLDEN PHEASANT
GOLDEN PHEASANT\5.jpg,GOLDEN PHEASANT
GOLDEN PIPIT\1.jpg,GOLDEN PIPIT
GOLDEN PIPIT\2.jpg,GOLDEN PIPIT
GOLDEN PIPIT\3.jpg,GOLDEN PIPIT
GOLDEN PIPIT\4.jpg,GOLDEN PIPIT
GOLDEN PIPIT\5.jpg,GOLDEN PIPIT
GOULDIAN FINCH\1.jpg,GOULDIAN FINCH
GOULDIAN FINCH\2.jpg,GOULDIAN FINCH
GOULDIAN FINCH\3.jpg,GOULDIAN FINCH
GOULDIAN FINCH\4.jpg,GOULDIAN FINCH
GOULDIAN FINCH\5.jpg,GOULDIAN FINCH
GRAY CATBIRD\1.jpg,GRAY CATBIRD
GRAY CATBIRD\2.jpg,GRAY CATBIRD
GRAY CATBIRD\3.jpg,GRAY CATBIRD
GRAY CATBIRD\4.jpg,GRAY CATBIRD
GRAY CATBIRD\5.jpg,GRAY CATBIRD
GRAY PARTRIDGE\1.jpg,GRAY PARTRIDGE
GRAY PARTRIDGE\2.jpg,GRAY PARTRIDGE
GRAY PARTRIDGE\3.jpg,GRAY PARTRIDGE
GRAY PARTRIDGE\4.jpg,GRAY PARTRIDGE
GRAY PARTRIDGE\5.jpg,GRAY PARTRIDGE
GREEN JAY\1.jpg,GREEN JAY
GREEN JAY\2.jpg,GREEN JAY
GREEN JAY\3.jpg,GREEN JAY
GREEN JAY\4.jpg,GREEN JAY
GREEN JAY\5.jpg,GREEN JAY
GREY PLOVER\1.jpg,GREY PLOVER
GREY PLOVER\2.jpg,GREY PLOVER
GREY PLOVER\3.jpg,GREY PLOVER
GREY PLOVER\4.jpg,GREY PLOVER
GREY PLOVER\5.jpg,GREY PLOVER
GUINEAFOWL\1.jpg,GUINEAFOWL
GUINEAFOWL\2.jpg,GUINEAFOWL
GUINEAFOWL\3.jpg,GUINEAFOWL
GUINEAFOWL\4.jpg,GUINEAFOWL
GUINEAFOWL\5.jpg,GUINEAFOWL
GYRFALCON\1.jpg,GYRFALCON
GYRFALCON\2.jpg,GYRFALCON
GYRFALCON\3.jpg,GYRFALCON
GYRFALCON\4.jpg,GYRFALCON
GYRFALCON\5.jpg,GYRFALCON
HARPY EAGLE\1.jpg,HARPY EAGLE
HARPY EAGLE\2.jpg,HARPY EAGLE
HARPY EAGLE\3.jpg,HARPY EAGLE
HARPY EAGLE\4.jpg,HARPY EAGLE
HARPY EAGLE\5.jpg,HARPY EAGLE
HAWAIIAN GOOSE\1.jpg,HAWAIIAN GOOSE
HAWAIIAN GOOSE\2.jpg,HAWAIIAN GOOSE
HAWAIIAN GOOSE\3.jpg,HAWAIIAN GOOSE
HAWAIIAN GOOSE\4.jpg,HAWAIIAN GOOSE
HAWAIIAN GOOSE\5.jpg,HAWAIIAN GOOSE
HOODED MERGANSER\1.jpg,HOODED MERGANSER
HOODED MERGANSER\2.jpg,HOODED MERGANSER
HOODED MERGANSER\3.jpg,HOODED MERGANSER
HOODED MERGANSER\4.jpg,HOODED MERGANSER
HOODED MERGANSER\5.jpg,HOODED MERGANSER
HOOPOES\1.jpg,HOOPOES
HOOPOES\2.jpg,HOOPOES
HOOPOES\3.jpg,HOOPOES
HOOPOES\4.jpg,HOOPOES
HOOPOES\5.jpg,HOOPOES
HORNBILL\1.jpg,HORNBILL
HORNBILL\2.jpg,HORNBILL
HORNBILL\3.jpg,HORNBILL
HORNBILL\4.jpg,HORNBILL
HORNBILL\5.jpg,HORNBILL
HORNED GUAN\1.jpg,HORNED GUAN
HORNED GUAN\2.jpg,HORNED GUAN
HORNED GUAN\3.jpg,HORNED GUAN
HORNED GUAN\4.jpg,HORNED GUAN
HORNED GUAN\5.jpg,HORNED GUAN
HORNED SUNGEM\1.jpg,HORNED SUNGEM
HORNED SUNGEM\2.jpg,HORNED SUNGEM
HORNED SUNGEM\3.jpg,HORNED SUNGEM
HORNED SUNGEM\4.jpg,HORNED SUNGEM
HORNED SUNGEM\5.jpg,HORNED SUNGEM
HOUSE FINCH\1.jpg,HOUSE FINCH
HOUSE FINCH\2.jpg,HOUSE FINCH
HOUSE FINCH\3.jpg,HOUSE FINCH
HOUSE FINCH\4.jpg,HOUSE FINCH
HOUSE FINCH\5.jpg,HOUSE FINCH
HOUSE SPARROW\1.jpg,HOUSE SPARROW
HOUSE SPARROW\2.jpg,HOUSE SPARROW
HOUSE SPARROW\3.jpg,HOUSE SPARROW
HOUSE SPARROW\4.jpg,HOUSE SPARROW
HOUSE SPARROW\5.jpg,HOUSE SPARROW
IMPERIAL SHAQ\1.jpg,IMPERIAL SHAQ
IMPERIAL SHAQ\2.jpg,IMPERIAL SHAQ
IMPERIAL SHAQ\3.jpg,IMPERIAL SHAQ
IMPERIAL SHAQ\4.jpg,IMPERIAL SHAQ
IMPERIAL SHAQ\5.jpg,IMPERIAL SHAQ
INCA TERN\1.jpg,INCA TERN
INCA TERN\2.jpg,INCA TERN
INCA TERN\3.jpg,INCA TERN
INCA TERN\4.jpg,INCA TERN
INCA TERN\5.jpg,INCA TERN
INDIAN BUSTARD\1.jpg,INDIAN BUSTARD
INDIAN BUSTARD\2.jpg,INDIAN BUSTARD
INDIAN BUSTARD\3.jpg,INDIAN BUSTARD
INDIAN BUSTARD\4.jpg,INDIAN BUSTARD
INDIAN BUSTARD\5.jpg,INDIAN BUSTARD
INDIGO BUNTING\1.jpg,INDIGO BUNTING
INDIGO BUNTING\2.jpg,INDIGO BUNTING
INDIGO BUNTING\3.jpg,INDIGO BUNTING
INDIGO BUNTING\4.jpg,INDIGO BUNTING
INDIGO BUNTING\5.jpg,INDIGO BUNTING
JABIRU\1.jpg,JABIRU
JABIRU\2.jpg,JABIRU
JABIRU\3.jpg,JABIRU
JABIRU\4.jpg,JABIRU
JABIRU\5.jpg,JABIRU
JAVAN MAGPIE\1.jpg,JAVAN MAGPIE
JAVAN MAGPIE\2.jpg,JAVAN MAGPIE
JAVAN MAGPIE\3.jpg,JAVAN MAGPIE
JAVAN MAGPIE\4.jpg,JAVAN MAGPIE
JAVAN MAGPIE\5.jpg,JAVAN MAGPIE
KAKAPO\1.jpg,KAKAPO
KAKAPO\2.jpg,KAKAPO
KAKAPO\3.jpg,KAKAPO
KAKAPO\4.jpg,KAKAPO
KAKAPO\5.jpg,KAKAPO
KILLDEAR\1.jpg,KILLDEAR
KILLDEAR\2.jpg,KILLDEAR
KILLDEAR\3.jpg,KILLDEAR
KILLDEAR\4.jpg,KILLDEAR
KILLDEAR\5.jpg,KILLDEAR
KING VULTURE\1.jpg,KING VULTURE
KING VULTURE\2.jpg,KING VULTURE
KING VULTURE\3.jpg,KING VULTURE
KING VULTURE\4.jpg,KING VULTURE
KING VULTURE\5.jpg,KING VULTURE
KIWI\1.jpg,KIWI
KIWI\2.jpg,KIWI
KIWI\3.jpg,KIWI
KIWI\4.jpg,KIWI
KIWI\5.jpg,KIWI
KOOKABURRA\1.jpg,KOOKABURRA
KOOKABURRA\2.jpg,KOOKABURRA
KOOKABURRA\3.jpg,KOOKABURRA
KOOKABURRA\4.jpg,KOOKABURRA
KOOKABURRA\5.jpg,KOOKABURRA
LARK BUNTING\1.jpg,LARK BUNTING
LARK BUNTING\2.jpg,LARK BUNTING
LARK BUNTING\3.jpg,LARK BUNTING
LARK BUNTING\4.jpg,LARK BUNTING
LARK BUNTING\5.jpg,LARK BUNTING
LEARS MACAW\1.jpg,LEARS MACAW
LEARS MACAW\2.jpg,LEARS MACAW
LEARS MACAW\3.jpg,LEARS MACAW
LEARS MACAW\4.jpg,LEARS MACAW
LEARS MACAW\5.jpg,LEARS MACAW
LILAC ROLLER\1.jpg,LILAC ROLLER
LILAC ROLLER\2.jpg,LILAC ROLLER
LILAC ROLLER\3.jpg,LILAC ROLLER
LILAC ROLLER\4.jpg,LILAC ROLLER
LILAC ROLLER\5.jpg,LILAC ROLLER
LONG-EARED OWL\1.jpg,LONG-EARED OWL
LONG-EARED OWL\2.jpg,LONG-EARED OWL
LONG-EARED OWL\3.jpg,LONG-EARED OWL
LONG-EARED OWL\4.jpg,LONG-EARED OWL
LONG-EARED OWL\5.jpg,LONG-EARED OWL
MALABAR HORNBILL\1.jpg,MALABAR HORNBILL
MALABAR HORNBILL\2.jpg,MALABAR HORNBILL
MALABAR HORNBILL\3.jpg,MALABAR HORNBILL
MALABAR HORNBILL\4.jpg,MALABAR HORNBILL
MALABAR HORNBILL\5.jpg,MALABAR HORNBILL
MALACHITE KINGFISHER\1.jpg,MALACHITE KINGFISHER
MALACHITE KINGFISHER\2.jpg,MALACHITE KINGFISHER
MALACHITE KINGFISHER\3.jpg,MALACHITE KINGFISHER
MALACHITE KINGFISHER\4.jpg,MALACHITE KINGFISHER
MALACHITE KINGFISHER\5.jpg,MALACHITE KINGFISHER
MALEO\1.jpg,MALEO
MALEO\2.jpg,MALEO
MALEO\3.jpg,MALEO
MALEO\4.jpg,MALEO
MALEO\5.jpg,MALEO
MALLARD DUCK\1.jpg,MALLARD DUCK
MALLARD DUCK\2.jpg,MALLARD DUCK
MALLARD DUCK\3.jpg,MALLARD DUCK
MALLARD DUCK\4.jpg,MALLARD DUCK
MALLARD DUCK\5.jpg,MALLARD DUCK
MANDRIN DUCK\1.jpg,MANDRIN DUCK
MANDRIN DUCK\2.jpg,MANDRIN DUCK
MANDRIN DUCK\3.jpg,MANDRIN DUCK
MANDRIN DUCK\4.jpg,MANDRIN DUCK
MANDRIN DUCK\5.jpg,MANDRIN DUCK
MARABOU STORK\1.jpg,MARABOU STORK
MARABOU STORK\2.jpg,MARABOU STORK
MARABOU STORK\3.jpg,MARABOU STORK
MARABOU STORK\4.jpg,MARABOU STORK
MARABOU STORK\5.jpg,MARABOU STORK
MASKED BOOBY\1.jpg,MASKED BOOBY
MASKED BOOBY\2.jpg,MASKED BOOBY
MASKED BOOBY\3.jpg,MASKED BOOBY
MASKED BOOBY\4.jpg,MASKED BOOBY
MASKED BOOBY\5.jpg,MASKED BOOBY
MIKADO  PHEASANT\1.jpg,MIKADO  PHEASANT
MIKADO  PHEASANT\2.jpg,MIKADO  PHEASANT
MIKADO  PHEASANT\3.jpg,MIKADO  PHEASANT
MIKADO  PHEASANT\4.jpg,MIKADO  PHEASANT
MIKADO  PHEASANT\5.jpg,MIKADO  PHEASANT
MOURNING DOVE\1.jpg,MOURNING DOVE
MOURNING DOVE\2.jpg,MOURNING DOVE
MOURNING DOVE\3.jpg,MOURNING DOVE
MOURNING DOVE\4.jpg,MOURNING DOVE
MOURNING DOVE\5.jpg,MOURNING DOVE
MYNA\1.jpg,MYNA
MYNA\2.jpg,MYNA
MYNA\3.jpg,MYNA
MYNA\4.jpg,MYNA
MYNA\5.jpg,MYNA
NICOBAR PIGEON\1.jpg,NICOBAR PIGEON
NICOBAR PIGEON\2.jpg,NICOBAR PIGEON
NICOBAR PIGEON\3.jpg,NICOBAR PIGEON
NICOBAR PIGEON\4.jpg,NICOBAR PIGEON
NICOBAR PIGEON\5.jpg,NICOBAR PIGEON
NORTHERN CARDINAL\1.jpg,NORTHERN CARDINAL
NORTHERN CARDINAL\2.jpg,NORTHERN CARDINAL
NORTHERN CARDINAL\3.jpg,STRAWBERRY FINCH
NORTHERN CARDINAL\4.jpg,CHUKAR PARTRIDGE
NORTHERN CARDINAL\5.jpg,NORTHERN CARDINAL
NORTHERN FLICKER\1.jpg,NORTHERN FLICKER
NORTHERN FLICKER\2.jpg,NORTHERN FLICKER
NORTHERN FLICKER\3.jpg,NORTHERN FLICKER
NORTHERN FLICKER\4.jpg,NORTHERN FLICKER
NORTHERN FLICKER\5.jpg,NORTHERN FLICKER
NORTHERN GANNET\1.jpg,NORTHERN GANNET
NORTHERN GANNET\2.jpg,NORTHERN GANNET
NORTHERN GANNET\3.jpg,NORTHERN GANNET
NORTHERN GANNET\4.jpg,NORTHERN GANNET
NORTHERN GANNET\5.jpg,NORTHERN GANNET
NORTHERN GOSHAWK\1.jpg,NORTHERN GOSHAWK
NORTHERN GOSHAWK\2.jpg,NORTHERN GOSHAWK
NORTHERN GOSHAWK\3.jpg,NORTHERN GOSHAWK
NORTHERN GOSHAWK\4.jpg,NORTHERN GOSHAWK
NORTHERN GOSHAWK\5.jpg,NORTHERN GOSHAWK
NORTHERN JACANA\1.jpg,NORTHERN JACANA
NORTHERN JACANA\2.jpg,NORTHERN JACANA
NORTHERN JACANA\3.jpg,NORTHERN JACANA
NORTHERN JACANA\4.jpg,NORTHERN JACANA
NORTHERN JACANA\5.jpg,NORTHERN JACANA
NORTHERN MOCKINGBIRD\1.jpg,NORTHERN MOCKINGBIRD
NORTHERN MOCKINGBIRD\2.jpg,NORTHERN MOCKINGBIRD
NORTHERN MOCKINGBIRD\3.jpg,NORTHERN MOCKINGBIRD
NORTHERN MOCKINGBIRD\4.jpg,NORTHERN MOCKINGBIRD
NORTHERN MOCKINGBIRD\5.jpg,NORTHERN MOCKINGBIRD
NORTHERN PARULA\1.jpg,NORTHERN PARULA
NORTHERN PARULA\2.jpg,NORTHERN PARULA
NORTHERN PARULA\3.jpg,NORTHERN PARULA
NORTHERN PARULA\4.jpg,NORTHERN PARULA
NORTHERN PARULA\5.jpg,NORTHERN PARULA
NORTHERN RED BISHOP\1.jpg,NORTHERN RED BISHOP
NORTHERN RED BISHOP\2.jpg,NORTHERN RED BISHOP
NORTHERN RED BISHOP\3.jpg,NORTHERN RED BISHOP
NORTHERN RED BISHOP\4.jpg,NORTHERN RED BISHOP
NORTHERN RED BISHOP\5.jpg,NORTHERN RED BISHOP
OCELLATED TURKEY\1.jpg,OCELLATED TURKEY
OCELLATED TURKEY\2.jpg,OCELLATED TURKEY
OCELLATED TURKEY\3.jpg,WILD TURKEY
OCELLATED TURKEY\4.jpg,OCELLATED TURKEY
OCELLATED TURKEY\5.jpg,OCELLATED TURKEY
OKINAWA RAIL\1.jpg,OKINAWA RAIL
OKINAWA RAIL\2.jpg,OKINAWA RAIL
OKINAWA RAIL\3.jpg,OKINAWA RAIL
OKINAWA RAIL\4.jpg,OKINAWA RAIL
OKINAWA RAIL\5.jpg,OKINAWA RAIL
OSPREY\1.jpg,OSPREY
OSPREY\2.jpg,OSPREY
OSPREY\3.jpg,OSPREY
OSPREY\4.jpg,OSPREY
OSPREY\5.jpg,OSPREY
OSTRICH\1.jpg,OSTRICH
OSTRICH\2.jpg,OSTRICH
OSTRICH\3.jpg,OSTRICH
OSTRICH\4.jpg,OSTRICH
OSTRICH\5.jpg,OSTRICH
PAINTED BUNTIG\1.jpg,PAINTED BUNTIG
PAINTED BUNTIG\2.jpg,PAINTED BUNTIG
PAINTED BUNTIG\3.jpg,PAINTED BUNTIG
PAINTED BUNTIG\4.jpg,PAINTED BUNTIG
PAINTED BUNTIG\5.jpg,PAINTED BUNTIG
PALILA\1.jpg,PALILA
PALILA\2.jpg,PALILA
PALILA\3.jpg,PALILA
PALILA\4.jpg,PALILA
PALILA\5.jpg,PALILA
PARADISE TANAGER\1.jpg,PARADISE TANAGER
PARADISE TANAGER\2.jpg,PARADISE TANAGER
PARADISE TANAGER\3.jpg,PARADISE TANAGER
PARADISE TANAGER\4.jpg,PARADISE TANAGER
PARADISE TANAGER\5.jpg,PARADISE TANAGER
PARUS MAJOR\1.jpg,PARUS MAJOR
PARUS MAJOR\2.jpg,PARUS MAJOR
PARUS MAJOR\3.jpg,PARUS MAJOR
PARUS MAJOR\4.jpg,PARUS MAJOR
PARUS MAJOR\5.jpg,PARUS MAJOR
PEACOCK\1.jpg,PEACOCK
PEACOCK\2.jpg,PEACOCK
PEACOCK\3.jpg,PEACOCK
PEACOCK\4.jpg,PEACOCK
PEACOCK\5.jpg,PEACOCK
PELICAN\1.jpg,PELICAN
PELICAN\2.jpg,OSPREY
PELICAN\3.jpg,PELICAN
PELICAN\4.jpg,PELICAN
PELICAN\5.jpg,PELICAN
PEREGRINE FALCON\1.jpg,PEREGRINE FALCON
PEREGRINE FALCON\2.jpg,PEREGRINE FALCON
PEREGRINE FALCON\3.jpg,PEREGRINE FALCON
PEREGRINE FALCON\4.jpg,PEREGRINE FALCON
PEREGRINE FALCON\5.jpg,PEREGRINE FALCON
PHILIPPINE EAGLE\1.jpg,PHILIPPINE EAGLE
PHILIPPINE EAGLE\2.jpg,PHILIPPINE EAGLE
PHILIPPINE EAGLE\3.jpg,PHILIPPINE EAGLE
PHILIPPINE EAGLE\4.jpg,PHILIPPINE EAGLE
PHILIPPINE EAGLE\5.jpg,PHILIPPINE EAGLE
PINK ROBIN\1.jpg,PINK ROBIN
PINK ROBIN\2.jpg,PINK ROBIN
PINK ROBIN\3.jpg,PINK ROBIN
PINK ROBIN\4.jpg,PINK ROBIN
PINK ROBIN\5.jpg,PINK ROBIN
PUFFIN\1.jpg,PUFFIN
PUFFIN\2.jpg,PUFFIN
PUFFIN\3.jpg,PUFFIN
PUFFIN\4.jpg,PUFFIN
PUFFIN\5.jpg,PUFFIN
PURPLE FINCH\1.jpg,PURPLE FINCH
PURPLE FINCH\2.jpg,PURPLE FINCH
PURPLE FINCH\3.jpg,PURPLE FINCH
PURPLE FINCH\4.jpg,PURPLE FINCH
PURPLE FINCH\5.jpg,PURPLE FINCH
PURPLE GALLINULE\1.jpg,PURPLE GALLINULE
PURPLE GALLINULE\2.jpg,PURPLE GALLINULE
PURPLE GALLINULE\3.jpg,PURPLE GALLINULE
PURPLE GALLINULE\4.jpg,PURPLE GALLINULE
PURPLE GALLINULE\5.jpg,PURPLE GALLINULE
PURPLE MARTIN\1.jpg,PURPLE MARTIN
PURPLE MARTIN\2.jpg,LARK BUNTING
PURPLE MARTIN\3.jpg,PURPLE MARTIN
PURPLE MARTIN\4.jpg,PURPLE MARTIN
PURPLE MARTIN\5.jpg,PURPLE MARTIN
PURPLE SWAMPHEN\1.jpg,PURPLE SWAMPHEN
PURPLE SWAMPHEN\2.jpg,TAKAHE
PURPLE SWAMPHEN\3.jpg,PURPLE SWAMPHEN
PURPLE SWAMPHEN\4.jpg,PURPLE SWAMPHEN
PURPLE SWAMPHEN\5.jpg,PURPLE SWAMPHEN
QUETZAL\1.jpg,QUETZAL
QUETZAL\2.jpg,QUETZAL
QUETZAL\3.jpg,QUETZAL
QUETZAL\4.jpg,QUETZAL
QUETZAL\5.jpg,QUETZAL
RAINBOW LORIKEET\1.jpg,RAINBOW LORIKEET
RAINBOW LORIKEET\2.jpg,RAINBOW LORIKEET
RAINBOW LORIKEET\3.jpg,RAINBOW LORIKEET
RAINBOW LORIKEET\4.jpg,RAINBOW LORIKEET
RAINBOW LORIKEET\5.jpg,RAINBOW LORIKEET
RAZORBILL\1.jpg,RAZORBILL
RAZORBILL\2.jpg,RAZORBILL
RAZORBILL\3.jpg,RAZORBILL
RAZORBILL\4.jpg,RAZORBILL
RAZORBILL\5.jpg,RAZORBILL
RED FACED CORMORANT\1.jpg,RED FACED CORMORANT
RED FACED CORMORANT\2.jpg,RED FACED CORMORANT
RED FACED CORMORANT\3.jpg,RED FACED CORMORANT
RED FACED CORMORANT\4.jpg,RED FACED CORMORANT
RED FACED CORMORANT\5.jpg,RED FACED CORMORANT
RED FACED WARBLER\1.jpg,RED FACED WARBLER
RED FACED WARBLER\2.jpg,RED FACED WARBLER
RED FACED WARBLER\3.jpg,RED FACED WARBLER
RED FACED WARBLER\4.jpg,RED FACED WARBLER
RED FACED WARBLER\5.jpg,RED FACED WARBLER
RED HEADED DUCK\1.jpg,RED HEADED DUCK
RED HEADED DUCK\2.jpg,RED HEADED DUCK
RED HEADED DUCK\3.jpg,RED HEADED DUCK
RED HEADED DUCK\4.jpg,RED HEADED DUCK
RED HEADED DUCK\5.jpg,RED HEADED DUCK
RED HEADED WOODPECKER\1.jpg,RED HEADED WOODPECKER
RED HEADED WOODPECKER\2.jpg,RED HEADED WOODPECKER
RED HEADED WOODPECKER\3.jpg,RED HEADED WOODPECKER
RED HEADED WOODPECKER\4.jpg,RED HEADED WOODPECKER
RED HEADED WOODPECKER\5.jpg,RED HEADED WOODPECKER
RED HONEY CREEPER\1.jpg,RED HONEY CREEPER
RED HONEY CREEPER\2.jpg,RED HONEY CREEPER
RED HONEY CREEPER\3.jpg,RED HONEY CREEPER
RED HONEY CREEPER\4.jpg,RED HONEY CREEPER
RED HONEY CREEPER\5.jpg,RED HONEY CREEPER
RED THROATED BEE EATER\1.jpg,RED THROATED BEE EATER
RED THROATED BEE EATER\2.jpg,RED THROATED BEE EATER
RED THROATED BEE EATER\3.jpg,RED THROATED BEE EATER
RED THROATED BEE EATER\4.jpg,RED THROATED BEE EATER
RED THROATED BEE EATER\5.jpg,RED THROATED BEE EATER
RED WINGED BLACKBIRD\1.jpg,RED WINGED BLACKBIRD
RED WINGED BLACKBIRD\2.jpg,RED WINGED BLACKBIRD
RED WINGED BLACKBIRD\3.jpg,RED WINGED BLACKBIRD
RED WINGED BLACKBIRD\4.jpg,RED WINGED BLACKBIRD
RED WINGED BLACKBIRD\5.jpg,RED WINGED BLACKBIRD
RED WISKERED BULBUL\1.jpg,RED WISKERED BULBUL
RED WISKERED BULBUL\2.jpg,RED WISKERED BULBUL
RED WISKERED BULBUL\3.jpg,RED WISKERED BULBUL
RED WISKERED BULBUL\4.jpg,RED WISKERED BULBUL
RED WISKERED BULBUL\5.jpg,RED WISKERED BULBUL
RING-NECKED PHEASANT\1.jpg,RING-NECKED PHEASANT
RING-NECKED PHEASANT\2.jpg,RING-NECKED PHEASANT
RING-NECKED PHEASANT\3.jpg,RING-NECKED PHEASANT
RING-NECKED PHEASANT\4.jpg,RING-NECKED PHEASANT
RING-NECKED PHEASANT\5.jpg,RING-NECKED PHEASANT
ROADRUNNER\1.jpg,ROADRUNNER
ROADRUNNER\2.jpg,ROADRUNNER
ROADRUNNER\3.jpg,ROADRUNNER
ROADRUNNER\4.jpg,ROADRUNNER
ROADRUNNER\5.jpg,ROADRUNNER
ROBIN\1.jpg,ROBIN
ROBIN\2.jpg,ROBIN
ROBIN\3.jpg,ROBIN
ROBIN\4.jpg,ROBIN
ROBIN\5.jpg,ROBIN
ROCK DOVE\1.jpg,ROCK DOVE
ROCK DOVE\2.jpg,ROCK DOVE
ROCK DOVE\3.jpg,ROCK DOVE
ROCK DOVE\4.jpg,ROCK DOVE
ROCK DOVE\5.jpg,ROCK DOVE
ROSY FACED LOVEBIRD\1.jpg,ROSY FACED LOVEBIRD
ROSY FACED LOVEBIRD\2.jpg,ROSY FACED LOVEBIRD
ROSY FACED LOVEBIRD\3.jpg,ROSY FACED LOVEBIRD
ROSY FACED LOVEBIRD\4.jpg,ROSY FACED LOVEBIRD
ROSY FACED LOVEBIRD\5.jpg,ROSY FACED LOVEBIRD
ROUGH LEG BUZZARD\1.jpg,ROUGH LEG BUZZARD
ROUGH LEG BUZZARD\2.jpg,ROUGH LEG BUZZARD
ROUGH LEG BUZZARD\3.jpg,ROUGH LEG BUZZARD
ROUGH LEG BUZZARD\4.jpg,ROUGH LEG BUZZARD
ROUGH LEG BUZZARD\5.jpg,ROUGH LEG BUZZARD
RUBY THROATED HUMMINGBIRD\1.jpg,RUBY THROATED HUMMINGBIRD
RUBY THROATED HUMMINGBIRD\2.jpg,RUBY THROATED HUMMINGBIRD
RUBY THROATED HUMMINGBIRD\3.jpg,RUBY THROATED HUMMINGBIRD
RUBY THROATED HUMMINGBIRD\4.jpg,RUBY THROATED HUMMINGBIRD
RUBY THROATED HUMMINGBIRD\5.jpg,RUBY THROATED HUMMINGBIRD
RUFOUS KINGFISHER\1.jpg,RUFOUS KINGFISHER
RUFOUS KINGFISHER\2.jpg,RUFOUS KINGFISHER
RUFOUS KINGFISHER\3.jpg,RUFOUS KINGFISHER
RUFOUS KINGFISHER\4.jpg,RUFOUS KINGFISHER
RUFOUS KINGFISHER\5.jpg,RUFOUS KINGFISHER
RUFUOS MOTMOT\1.jpg,RUFUOS MOTMOT
RUFUOS MOTMOT\2.jpg,RUFUOS MOTMOT
RUFUOS MOTMOT\3.jpg,RUFUOS MOTMOT
RUFUOS MOTMOT\4.jpg,RUFUOS MOTMOT
RUFUOS MOTMOT\5.jpg,RUFUOS MOTMOT
SAND MARTIN\1.jpg,SAND MARTIN
SAND MARTIN\2.jpg,SAND MARTIN
SAND MARTIN\3.jpg,SAND MARTIN
SAND MARTIN\4.jpg,SAND MARTIN
SAND MARTIN\5.jpg,SAND MARTIN
SCARLET IBIS\1.jpg,SCARLET IBIS
SCARLET IBIS\2.jpg,SCARLET IBIS
SCARLET IBIS\3.jpg,SCARLET IBIS
SCARLET IBIS\4.jpg,SCARLET IBIS
SCARLET IBIS\5.jpg,SCARLET IBIS
SCARLET MACAW\1.jpg,SCARLET MACAW
SCARLET MACAW\2.jpg,SCARLET MACAW
SCARLET MACAW\3.jpg,SCARLET MACAW
SCARLET MACAW\4.jpg,SCARLET MACAW
SCARLET MACAW\5.jpg,SCARLET MACAW
SHOEBILL\1.jpg,SHOEBILL
SHOEBILL\2.jpg,SHOEBILL
SHOEBILL\3.jpg,SHOEBILL
SHOEBILL\4.jpg,SHOEBILL
SHOEBILL\5.jpg,SHOEBILL
SMITHS LONGSPUR\1.jpg,SMITHS LONGSPUR
SMITHS LONGSPUR\2.jpg,SMITHS LONGSPUR
SMITHS LONGSPUR\3.jpg,SMITHS LONGSPUR
SMITHS LONGSPUR\4.jpg,SMITHS LONGSPUR
SMITHS LONGSPUR\5.jpg,SMITHS LONGSPUR
SNOWY EGRET\1.jpg,SNOWY EGRET
SNOWY EGRET\2.jpg,SNOWY EGRET
SNOWY EGRET\3.jpg,SNOWY EGRET
SNOWY EGRET\4.jpg,SNOWY EGRET
SNOWY EGRET\5.jpg,SNOWY EGRET
SNOWY OWL\1.jpg,SNOWY OWL
SNOWY OWL\2.jpg,SNOWY OWL
SNOWY OWL\3.jpg,SNOWY OWL
SNOWY OWL\4.jpg,SNOWY OWL
SNOWY OWL\5.jpg,SNOWY OWL
SORA\1.jpg,SORA
SORA\2.jpg,SORA
SORA\3.jpg,SORA
SORA\4.jpg,SORA
SORA\5.jpg,SORA
SPANGLED COTINGA\1.jpg,SPANGLED COTINGA
SPANGLED COTINGA\2.jpg,SPANGLED COTINGA
SPANGLED COTINGA\3.jpg,SPANGLED COTINGA
SPANGLED COTINGA\4.jpg,SPANGLED COTINGA
SPANGLED COTINGA\5.jpg,SPANGLED COTINGA
SPLENDID WREN\1.jpg,SPLENDID WREN
SPLENDID WREN\2.jpg,SPLENDID WREN
SPLENDID WREN\3.jpg,SPLENDID WREN
SPLENDID WREN\4.jpg,SPLENDID WREN
SPLENDID WREN\5.jpg,SPLENDID WREN
SPOON BILED SANDPIPER\1.jpg,SPOON BILED SANDPIPER
SPOON BILED SANDPIPER\2.jpg,SPOON BILED SANDPIPER
SPOON BILED SANDPIPER\3.jpg,SPOON BILED SANDPIPER
SPOON BILED SANDPIPER\4.jpg,SPOON BILED SANDPIPER
SPOON BILED SANDPIPER\5.jpg,SPOON BILED SANDPIPER
SPOONBILL\1.jpg,SPOONBILL
SPOONBILL\2.jpg,SPOONBILL
SPOONBILL\3.jpg,SPOONBILL
SPOONBILL\4.jpg,SPOONBILL
SPOONBILL\5.jpg,SPOONBILL
STEAMER DUCK\1.jpg,STEAMER DUCK
STEAMER DUCK\2.jpg,STEAMER DUCK
STEAMER DUCK\3.jpg,STEAMER DUCK
STEAMER DUCK\4.jpg,STEAMER DUCK
STEAMER DUCK\5.jpg,STEAMER DUCK
STORK BILLED KINGFISHER\1.jpg,STORK BILLED KINGFISHER
STORK BILLED KINGFISHER\2.jpg,STORK BILLED KINGFISHER
STORK BILLED KINGFISHER\3.jpg,STORK BILLED KINGFISHER
STORK BILLED KINGFISHER\4.jpg,STORK BILLED KINGFISHER
STORK BILLED KINGFISHER\5.jpg,STORK BILLED KINGFISHER
STRAWBERRY FINCH\1.jpg,STRAWBERRY FINCH
STRAWBERRY FINCH\2.jpg,STRAWBERRY FINCH
STRAWBERRY FINCH\3.jpg,STRAWBERRY FINCH
STRAWBERRY FINCH\4.jpg,STRAWBERRY FINCH
STRAWBERRY FINCH\5.jpg,STRAWBERRY FINCH
STRIPPED SWALLOW\1.jpg,STRIPPED SWALLOW
STRIPPED SWALLOW\2.jpg,STRIPPED SWALLOW
STRIPPED SWALLOW\3.jpg,STRIPPED SWALLOW
STRIPPED SWALLOW\4.jpg,STRIPPED SWALLOW
STRIPPED SWALLOW\5.jpg,STRIPPED SWALLOW
SUPERB STARLING\1.jpg,SUPERB STARLING
SUPERB STARLING\2.jpg,SUPERB STARLING
SUPERB STARLING\3.jpg,SUPERB STARLING
SUPERB STARLING\4.jpg,SUPERB STARLING
SUPERB STARLING\5.jpg,SUPERB STARLING
TAIWAN MAGPIE\1.jpg,TAIWAN MAGPIE
TAIWAN MAGPIE\2.jpg,TAIWAN MAGPIE
TAIWAN MAGPIE\3.jpg,TAIWAN MAGPIE
TAIWAN MAGPIE\4.jpg,TAIWAN MAGPIE
TAIWAN MAGPIE\5.jpg,TAIWAN MAGPIE
TAKAHE\1.jpg,TAKAHE
TAKAHE\2.jpg,TAKAHE
TAKAHE\3.jpg,TAKAHE
TAKAHE\4.jpg,TAKAHE
TAKAHE\5.jpg,TAKAHE
TASMANIAN HEN\1.jpg,TASMANIAN HEN
TASMANIAN HEN\2.jpg,TASMANIAN HEN
TASMANIAN HEN\3.jpg,TASMANIAN HEN
TASMANIAN HEN\4.jpg,TASMANIAN HEN
TASMANIAN HEN\5.jpg,TASMANIAN HEN
TEAL DUCK\1.jpg,TEAL DUCK
TEAL DUCK\2.jpg,TEAL DUCK
TEAL DUCK\3.jpg,TEAL DUCK
TEAL DUCK\4.jpg,TEAL DUCK
TEAL DUCK\5.jpg,TEAL DUCK
TIT MOUSE\1.jpg,TIT MOUSE
TIT MOUSE\2.jpg,TIT MOUSE
TIT MOUSE\3.jpg,TIT MOUSE
TIT MOUSE\4.jpg,WHIMBREL
TIT MOUSE\5.jpg,TIT MOUSE
TOUCHAN\1.jpg,TOUCHAN
TOUCHAN\2.jpg,TOUCHAN
TOUCHAN\3.jpg,TOUCHAN
TOUCHAN\4.jpg,TOUCHAN
TOUCHAN\5.jpg,TOUCHAN
TOWNSENDS WARBLER\1.jpg,TOWNSENDS WARBLER
TOWNSENDS WARBLER\2.jpg,TOWNSENDS WARBLER
TOWNSENDS WARBLER\3.jpg,TOWNSENDS WARBLER
TOWNSENDS WARBLER\4.jpg,TOWNSENDS WARBLER
TOWNSENDS WARBLER\5.jpg,TOWNSENDS WARBLER
TREE SWALLOW\1.jpg,TREE SWALLOW
TREE SWALLOW\2.jpg,TREE SWALLOW
TREE SWALLOW\3.jpg,BARN SWALLOW
TREE SWALLOW\4.jpg,TREE SWALLOW
TREE SWALLOW\5.jpg,TREE SWALLOW
TRUMPTER SWAN\1.jpg,TRUMPTER SWAN
TRUMPTER SWAN\2.jpg,TRUMPTER SWAN
TRUMPTER SWAN\3.jpg,TRUMPTER SWAN
TRUMPTER SWAN\4.jpg,TRUMPTER SWAN
TRUMPTER SWAN\5.jpg,TRUMPTER SWAN
TURKEY VULTURE\1.jpg,TURKEY VULTURE
TURKEY VULTURE\2.jpg,TURKEY VULTURE
TURKEY VULTURE\3.jpg,TURKEY VULTURE
TURKEY VULTURE\4.jpg,TURKEY VULTURE
TURKEY VULTURE\5.jpg,TURKEY VULTURE
TURQUOISE MOTMOT\1.jpg,TURQUOISE MOTMOT
TURQUOISE MOTMOT\2.jpg,TURQUOISE MOTMOT
TURQUOISE MOTMOT\3.jpg,TURQUOISE MOTMOT
TURQUOISE MOTMOT\4.jpg,TURQUOISE MOTMOT
TURQUOISE MOTMOT\5.jpg,TURQUOISE MOTMOT
VARIED THRUSH\1.jpg,VARIED THRUSH
VARIED THRUSH\2.jpg,VARIED THRUSH
VARIED THRUSH\3.jpg,VARIED THRUSH
VARIED THRUSH\4.jpg,VARIED THRUSH
VARIED THRUSH\5.jpg,VARIED THRUSH
VENEZUELIAN TROUPIAL\1.jpg,VENEZUELIAN TROUPIAL
VENEZUELIAN TROUPIAL\2.jpg,YELLOW CACIQUE
VENEZUELIAN TROUPIAL\3.jpg,VENEZUELIAN TROUPIAL
VENEZUELIAN TROUPIAL\4.jpg,VENEZUELIAN TROUPIAL
VENEZUELIAN TROUPIAL\5.jpg,VENEZUELIAN TROUPIAL
VERMILION FLYCATHER\1.jpg,VERMILION FLYCATHER
VERMILION FLYCATHER\2.jpg,VERMILION FLYCATHER
VERMILION FLYCATHER\3.jpg,VERMILION FLYCATHER
VERMILION FLYCATHER\4.jpg,VERMILION FLYCATHER
VERMILION FLYCATHER\5.jpg,VERMILION FLYCATHER
VIOLET GREEN SWALLOW\1.jpg,VIOLET GREEN SWALLOW
VIOLET GREEN SWALLOW\2.jpg,VIOLET GREEN SWALLOW
VIOLET GREEN SWALLOW\3.jpg,VIOLET GREEN SWALLOW
VIOLET GREEN SWALLOW\4.jpg,VIOLET GREEN SWALLOW
VIOLET GREEN SWALLOW\5.jpg,VIOLET GREEN SWALLOW
WATTLED CURASSOW\1.jpg,WATTLED CURASSOW
WATTLED CURASSOW\2.jpg,YELLOW CACIQUE
WATTLED CURASSOW\3.jpg,WATTLED CURASSOW
WATTLED CURASSOW\4.jpg,WATTLED CURASSOW
WATTLED CURASSOW\5.jpg,WATTLED CURASSOW
WHIMBREL\1.jpg,WHIMBREL
WHIMBREL\2.jpg,WHIMBREL
WHIMBREL\3.jpg,WHIMBREL
WHIMBREL\4.jpg,WHIMBREL
WHIMBREL\5.jpg,WHIMBREL
WHITE CHEEKED TURACO\1.jpg,WHITE CHEEKED TURACO
WHITE CHEEKED TURACO\2.jpg,WHITE CHEEKED TURACO
WHITE CHEEKED TURACO\3.jpg,WHITE CHEEKED TURACO
WHITE CHEEKED TURACO\4.jpg,WHITE CHEEKED TURACO
WHITE CHEEKED TURACO\5.jpg,WHITE CHEEKED TURACO
WHITE NECKED RAVEN\1.jpg,WHITE NECKED RAVEN
WHITE NECKED RAVEN\2.jpg,WHITE NECKED RAVEN
WHITE NECKED RAVEN\3.jpg,WHITE NECKED RAVEN
WHITE NECKED RAVEN\4.jpg,WHITE NECKED RAVEN
WHITE NECKED RAVEN\5.jpg,WHITE NECKED RAVEN
WHITE TAILED TROPIC\1.jpg,WHITE TAILED TROPIC
WHITE TAILED TROPIC\2.jpg,WHITE TAILED TROPIC
WHITE TAILED TROPIC\3.jpg,WHITE TAILED TROPIC
WHITE TAILED TROPIC\4.jpg,WHITE TAILED TROPIC
WHITE TAILED TROPIC\5.jpg,WHITE TAILED TROPIC
WILD TURKEY\1.jpg,WILD TURKEY
WILD TURKEY\2.jpg,WILD TURKEY
WILD TURKEY\3.jpg,WILD TURKEY
WILD TURKEY\4.jpg,WILD TURKEY
WILD TURKEY\5.jpg,WILD TURKEY
WILSONS BIRD OF PARADISE\1.jpg,WILSONS BIRD OF PARADISE
WILSONS BIRD OF PARADISE\2.jpg,WILSONS BIRD OF PARADISE
WILSONS BIRD OF PARADISE\3.jpg,WILSONS BIRD OF PARADISE
WILSONS BIRD OF PARADISE\4.jpg,WILSONS BIRD OF PARADISE
WILSONS BIRD OF PARADISE\5.jpg,WILSONS BIRD OF PARADISE
WOOD DUCK\1.jpg,WOOD DUCK
WOOD DUCK\2.jpg,WOOD DUCK
WOOD DUCK\3.jpg,WOOD DUCK
WOOD DUCK\4.jpg,WOOD DUCK
WOOD DUCK\5.jpg,WOOD DUCK
YELLOW CACIQUE\1.jpg,YELLOW CACIQUE
YELLOW CACIQUE\2.jpg,YELLOW CACIQUE
YELLOW CACIQUE\3.jpg,YELLOW CACIQUE
YELLOW CACIQUE\4.jpg,YELLOW CACIQUE
YELLOW CACIQUE\5.jpg,YELLOW CACIQUE
YELLOW HEADED BLACKBIRD\1.jpg,YELLOW HEADED BLACKBIRD
YELLOW HEADED BLACKBIRD\2.jpg,YELLOW HEADED BLACKBIRD
YELLOW HEADED BLACKBIRD\3.jpg,YELLOW HEADED BLACKBIRD
YELLOW HEADED BLACKBIRD\4.jpg,YELLOW HEADED BLACKBIRD
YELLOW HEADED BLACKBIRD\5.jpg,YELLOW HEADED BLACKBIRD
